ACCESSOIRE	Textile > Vêtement et accessoire > Accessoire
AIGUIERE	Objet décoratif > Art de la table
ALBUM	
ALCOVE	
APPLIQUE	Luminaire > Applique
AQUARELLE	Beaux arts > Art graphique > Dessin
ARGENTERIE	Objet décoratif > Art de la table
ARMOIRE	Meuble > Rangement > Armoire
ARMOIRIES	
ASSIETTE	Objet décoratif > Art de la table > Service de table
ASSIETTE CREUSE	Objet décoratif > Art de la table > Service de table
ASSIETTE PLATE	Objet décoratif > Art de la table > Service de table
ATHENIENNE	Meuble
ATLAS	Beaux arts > Art graphique > Carte et plan
BAHUT	Meuble > Rangement
BALAI D'ATRE	
BALDAQUIN	Meuble > Lit
BANC	Siège > Banquette et tabouret > Banc
BANC D'ANGLE	Siège > Banquette et tabouret > Banc
BANDEAU	
BANQUETTE	Siège > Banquette et tabouret > Banquette
BAR	Meuble
BARRE DE FOYER	
BAS D'ARMOIRE	Meuble > Rangement > Armoire
BASSIN	
BASSINOIRE	Objet décoratif > Art de la table
BATON	
BATON DE MARECHAL	
BENITIER	
BENITIER ET GOUPILLON	
BERGERE	Siège > Fauteuil > Bergère
BIBELOT	Objet décoratif
BIBLIOTHEQUE	Meuble > Rangement > Bibliothèque
BIDET	
BILLARD	Meuble > Table > Table à jeux
BILLOT	
BOITE	Meuble > Rangement > Casier
BOITIER	
BONHEUR DU JOUR	Meuble
BORNE	
BORNE (PORTE-CHAINE)	
BORNE DECORATIVE	
BOUGEOIR	Luminaire > Chandelier > Bougeoir
BOUILLOIRE	Objet décoratif > Art de la table
BOUQUET	Luminaire > Chandelier
BOURSE DE CORPORAL	
BOUT DE TABLE	
BRANDON	
BRAS DE GIRANDOLE	Luminaire > Chandelier > Girandole
BRAS DE LUMIERE	Luminaire
BRASERO	
BROC	Objet décoratif > Art de la table
BRODERIE	Textile > Broderie
BRULE-PARFUM	
BUFFET	Meuble > Rangement > Buffet
BUREAU	Meuble > Bureau > Bureau
BURETTES	
CABINET	
CADRE	Beaux arts > Tableau
CADUCEE	
CAFETIERE	Objet décoratif > Art de la table > Service à thé et à café
CAGE	
CAISSE DE RANGEMENT	Meuble > Rangement > Casier
CAISSE DE SOIERIE	Meuble > Rangement > Casier
CAISSE DE SURTOUT	Meuble > Rangement > Casier
CAISSON	Meuble > Rangement > Casier
CALENDRIER	
CALENDRIER PERPETUEL	
CALICE	
CALICE ET PATENE	
CALQUE POUR TAPISSERIE	Beaux arts > Modèle pour tissage > Modèle pour tapisserie
CANAPE	Siège > Canapé > Canapé
CANDELABRE	Luminaire > Chandelier > Candélabre
CANON D'AUTEL	
CARAFE	Objet décoratif > Art de la table
CARAPACE TORTUE VERTE	
CARTE EN RELIEF	Beaux arts > Art graphique > Carte et plan
CARTEL	Objet décoratif > Horlogerie
CARTON	Beaux arts > Modèle pour tissage
CARTON DE BRODERIE	Beaux arts > Modèle pour tissage
CARTON DE DENTELLE	Beaux arts > Modèle pour tissage
CARTON DE GARNITURE DE MOBILIER	Beaux arts > Modèle pour tissage > Modèle pour garniture de meuble
CARTON DE TAPIS	Beaux arts > Modèle pour tissage > Modèle pour tapis
CARTON DE TAPIS MURAL	Beaux arts > Modèle pour tissage > Modèle pour tapis
CARTON DE TAPISSERIE	Beaux arts > Modèle pour tissage > Modèle pour tapisserie
CARTON POUR CANAPE	Beaux arts > Modèle pour tissage > Modèle pour garniture de siège
CARTON POUR DOSSIER DE CANAPE	Beaux arts > Modèle pour tissage > Modèle pour garniture de siège
CARTON POUR DOSSIER DE CHAISE	Beaux arts > Modèle pour tissage > Modèle pour garniture de siège
CARTON POUR DOSSIER DE FAUTEUIL	Beaux arts > Modèle pour tissage > Modèle pour garniture de siège
CARTON POUR ECRAN	Beaux arts > Modèle pour tissage > Modèle pour garniture de meuble
CARTON POUR FAUTEUIL	Beaux arts > Modèle pour tissage > Modèle pour garniture de siège
CARTON POUR FEUILLE D'ECRAN	Beaux arts > Modèle pour tissage > Modèle pour garniture de meuble
CARTON POUR FEUILLE DE PARAVENT	Beaux arts > Modèle pour tissage > Modèle pour garniture de meuble
CARTON POUR FOND DE BANQUETTE	Beaux arts > Modèle pour tissage > Modèle pour garniture de siège
CARTON POUR FOND DE CANAPE	Beaux arts > Modèle pour tissage > Modèle pour garniture de siège
CARTON POUR FOND DE CHAISE	Beaux arts > Modèle pour tissage > Modèle pour garniture de siège
CARTON POUR FOND DE FAUTEUIL	Beaux arts > Modèle pour tissage > Modèle pour garniture de siège
CARTON POUR FOND DE TABOURET	Beaux arts > Modèle pour tissage > Modèle pour garniture de siège
CARTON POUR GARNITURE DE FAUTEUIL	Beaux arts > Modèle pour tissage > Modèle pour garniture de siège
CARTON POUR JOUE DE FAUTEUIL	Beaux arts > Modèle pour tissage > Modèle pour garniture de siège
CARTON POUR MANCHETTES DE FAUTEUIL	Beaux arts > Modèle pour tissage > Modèle pour garniture de siège
CARTON POUR PANNEAU	Beaux arts > Modèle pour tissage > Modèle pour tapisserie
CARTON POUR PARAVENT	Beaux arts > Modèle pour tissage > Modèle pour garniture de meuble
CARTON POUR TAPISSERIE DE SIEGE	Beaux arts > Modèle pour tissage > Modèle pour garniture de siège
CARTON POUR TISSAGE	Beaux arts > Modèle pour tissage
CARTONNIER	Meuble > Rangement
CASIER	Meuble > Rangement > Casier
CASSOLETTE	
CAUSEUSE	Siège > Canapé > Causeuse
CELLULE	
CENDRIER	
CERAMIQUE	
CHAINE	
CHAISE	Siège > Chaise > Chaise
CHAISE AJOUREE	Siège > Chaise > Chaise
CHAISE CONFORTABLE	Siège > Chaise > Chaise
CHAISE COQUE	Siège > Chaise > Chaise
CHAISE DACTYLO	Siège > Chaise > Chaise
CHAISE LONGUE	Siège > Chaise > Chaise longue
CHAISE PLIANTE	Siège > Chaise > Chaise
CHALUMEAU	
CHANDELIER	Luminaire > Chandelier > Chandelier
CHANDELIER D'AUTEL	Luminaire > Chandelier > Chandelier
CHAPELLE	
CHAR	
CHAUFFERETTE	
CHAUFFEUSE	Siège > Canapé > Chauffeuse
CHENET	Objet décoratif
CHEVALET	
CHEVET	Meuble > Table > Table de chevet
CHIFFONNIER	Meuble > Rangement > Chiffonnier
CHIFFRE	
CHOPE	Objet décoratif > Art de la table
CIBLE	
CIBOIRE	
CLASSEUR	
CLAUSTRA	
CLOCHE	
COFFRE	Meuble > Rangement > Casier
COFFRE-FORT	Meuble > Rangement > Casier
COFFRET	Meuble > Rangement > Casier
COIFFEUSE	Meuble
COLONNE	
COMMODE	Meuble > Rangement > Commode
COMPOTIER	Objet décoratif > Art de la table > Plat
COMPTOIR	Meuble
CONFIDENT	Siège
CONSOLE	Meuble > Table > Console
COPIE D'UN CADRE OVALE	
COQUETIER	Objet décoratif > Art de la table
CORBEILLE	
COSTUME	Textile > Vêtement et accessoire > Vêtement
COSY	Siège
COUPE	Objet décoratif > Art de la table > Coupe
COUPE A DESSERT	Objet décoratif > Art de la table > Coupe
COUPE A FRUITS	Objet décoratif > Art de la table > Coupe
COUPE AJOUREE	Objet décoratif > Art de la table > Coupe
COUPE LUMINEUSE	
COUPE MONTEE	Objet décoratif > Art de la table > Coupe
COUPE MONUMENTALE	Objet décoratif
COUPE SUR PIED	Objet décoratif > Art de la table > Coupe
COUPE SUR PIEDOUCHE	Objet décoratif > Art de la table > Coupe
COUPE SUR TALON	Objet décoratif > Art de la table > Coupe
COUPE SUR TREPIED	Objet décoratif > Art de la table > Coupe
COUPELLE	Objet décoratif > Art de la table > Coupe
COURONNE	
COURONNE ROYALE	
COUSSIN	Textile
COUTEAU	Objet décoratif > Art de la table > Service de table
COUVERTURE DE CHAMEAU	
CRACHOIR	
CREDENCE	
CROISSANT	
CROIX D'AUTEL	
CROIX PROCESSIONNELLE	
CRUCHE	Objet décoratif > Art de la table
CRUCIFIX	
CUISINIERE ELECTRIQUE	Objet décoratif > Art de la table
CULOT	
CUVETTE	
CYGNE	
DAIS	Meuble > Lit
DECROTTOIRS	
DENTELLE	Textile > Dentelle
DESSERTE	Meuble > Rangement > Desserte
DESSIN	Beaux arts > Art graphique > Dessin
DESSIN-PROJET	Beaux arts > Art graphique > Dessin
DESSOUS DE CARAFE	Objet décoratif > Art de la table
DESSUS DE CONSOLE	Meuble > Table > Console
DESSUS DE GUERIDON	Meuble
DESSUS DE LIT	Textile
DESSUS DE PIANO	
DESSUS DE PORTE	
DEVANT DE CHEMINEE	Meuble > Paravent et écran > Écran à feu
DEVANT DE CONOPEE	
DEVANT DE FOYER	Meuble
DIVAN	Siège > Canapé
DOSSIER DE BANQUETTE	
DRAPERIE	Textile
DUCHESSE	Siège > Chaise > Chaise longue
ECHELLE	
ECHIQUIER	
ECRAN	Meuble > Paravent et écran > Écran à feu
ECRAN A COULISSE	
ECRIN DE CIBOIRE	
ECRITOIRE	> Objet décoratif
ECUSSON	Textile
ELEMENT	
ELEMENT CONSTITUTIF	
ELEMENT D'ARMOIRE	Meuble > Rangement > Armoire
ELEMENT DE FOYER	
ELEMENT DE RANGEMENT	Meuble > Rangement
ELEMENT DE RETABLE	
ELEMENT MODULAIRE	
ENCADREMENT DE GLACE	
ENCENSOIR	
ENCLUME	
ENCRIER	
ENSEMBLE POUR CHEMINEE	
ESCABEAU	
ESCABELLE	
ESCALIER	
ETAGERE	Meuble > Rangement > Étagère
ETUDE D'ELEVE	
ETUDE POUR TAPIS	Beaux arts > Modèle pour tissage > Modèle pour tapis
FAUTEUIL	Siège > Fauteuil > Fauteuil
FAUTEUIL A GRILLE	Siège > Fauteuil > Fauteuil
FAUTEUIL A LA REINE	Siège > Fauteuil > Fauteuil à la reine
FAUTEUIL AJOURE	Siège > Fauteuil > Fauteuil
FAUTEUIL BRIDGE	Siège > Fauteuil > Fauteuil
FAUTEUIL CABRIOLET	Siège > Fauteuil > Fauteuil cabriolet
FAUTEUIL CLUB	Siège > Fauteuil > Fauteuil
FAUTEUIL CONFORTABLE	Siège > Fauteuil > Fauteuil confortable
FAUTEUIL D'ENFANT	Siège > Fauteuil > Fauteuil
FAUTEUIL DE BRIDGE	Siège > Fauteuil > Fauteuil
FAUTEUIL DE BUREAU	Siège > Fauteuil > Fauteuil
FAUTEUIL DE JARDIN	Siège > Fauteuil > Fauteuil de jardin
FAUTEUIL DE TRONE	Siège > Fauteuil > Fauteuil
FAUTEUIL DE VEILLE	Siège > Fauteuil > Fauteuil de veille
FAUTEUIL GONDOLE	Siège > Fauteuil > Fauteuil
FAUTEUIL MEDAILLON	Siège > Fauteuil > Fauteuil
FAUTEUIL PIVOTANT	Siège > Fauteuil > Fauteuil
FAUTEUIL PLIANT	Siège > Fauteuil > Fauteuil
FAUTEUIL TOURNANT	Siège > Fauteuil > Fauteuil
FAUTEUIL TRANSAT	Siège > Fauteuil > Fauteuil
FAUTEUIL VISITEUR	Siège > Fauteuil > Fauteuil visiteur
FAUTEUIL VOLTAIRE	Siège > Fauteuil > Fauteuil
FEU (PARTIE GAUCHE)	
FEU A GALERIE	
FEUILLE D'ECRAN	Meuble > Paravent et écran > Écran à feu
FEUILLE D'ECRAN A MAIN	
FEUILLE DE PARAVENT	Meuble > Paravent et écran > Paravent
FICHIER	
FIOLE	
FLAMBEAU	Luminaire > Chandelier > Flambeau
FONTAINE	
FOURCHETTE	Objet décoratif > Art de la table > Service de table
FRAGMENT DE PAYSAGE	Beaux arts
FUSIL	
GAINE	
GALERIE DE CROISEE	
GALON	Textile
GARDE ROBE	Meuble > Rangement > Vestiaire
GARNITURE DE CHASSIS LIT	Textile > Tapisserie > Tapisserie pour mobilier
GARNITURE DE CHEMINEE	
GARNITURE DE MOBILIER	Textile > Tapisserie > Tapisserie pour mobilier
GEODE	
GIRANDOLE	Luminaire > Chandelier > Girandole
GLACE	Meuble > Miroir > Miroir
GLACIERE	
GLOBE	
GOUTIERE T1	
GRAVURE	Beaux arts > Art graphique > Gravure
GRILLE	
GROUPE	
GUERIDON	Meuble > Table > Guéridon
GUIRLANDE	
HABIT	Textile > Vêtement et accessoire > Vêtement
HABIT DE HERAULT	Textile > Vêtement et accessoire > Vêtement
HALLEBARDE	
HAMPE	
HERSE LUMINEUSE	
HORLOGE	Objet décoratif > Horlogerie > Horloge
HOUSSE	Textile
IMPRIME	Beaux arts > Art graphique > Imprimé
INDISCRET	Siège
INSTRUMENT DE MUSIQUE	
INSTRUMENT SCIENTIFIQUE	
JARDINIERE	
JARRE CHINOISE	
KIK-STEP	
LAMBREQUIN	Textile
LAMBRIS D'ANGLE	
LAMPADAIRE	Luminaire > Lampadaire
LAMPE	Luminaire > Lampe > Lampe
LAMPE DE BUREAU	Luminaire > Lampe > Lampe de bureau
LAMPE DE CHEVET	Luminaire > Lampe > Lampe de chevet
LANTERNE	Luminaire > Lanterne
LAVABO	Meuble
LE DE TISSU	Textile
LEGUMIER	Objet décoratif > Art de la table > Plat
LIAISON D'ANGLE	
LIT	Meuble > Lit > Lit
LIT DE MILIEU	Meuble > Lit > Lit de milieu
LIT DE REPOS	Meuble > Lit > Lit de repos
LIT DE TRAVERS	Meuble > Lit > Lit de travers
LITHOGRAPHIE	Beaux arts > Art graphique > Imprimé
LUMINAIRE	Luminaire
LUSTRE	Luminaire > Lustre et plafonnier > Lustre
LUTRIN	Meuble
MACHINE A HACHER	Objet décoratif > Art de la table
MALLE	
MANUSCRIT	
MAPPEMONDE	Beaux arts > Art graphique > Carte et plan
MAQUETTE	
MAQUETTE DESSUS DE PORTE	Beaux arts > Modèle pour tissage
MAQUETTE POUR CANAPE	Beaux arts > Modèle pour tissage > Modèle pour garniture de siège
MAQUETTE POUR CHAISE	Beaux arts > Modèle pour tissage > Modèle pour garniture de siège
MAQUETTE POUR FAUTEUIL	Beaux arts > Modèle pour tissage > Modèle pour garniture de siège
MAQUETTE POUR FEUILLE D'ECRAN	Beaux arts > Modèle pour tissage > Modèle pour garniture de meuble
MAQUETTE POUR FEUILLE DE PARAVENT	Beaux arts > Modèle pour tissage > Modèle pour garniture de meuble
MAQUETTE POUR TAPIS	Beaux arts > Modèle pour tissage > Modèle pour tapis
MAQUETTE POUR TAPISSERIE	Beaux arts > Modèle pour tissage > Modèle pour tapisserie
MARBRE	
MARCHE PIEDS	
MARQUISE	Siège > Fauteuil > Marquise
MASSE	
MEDAILLE	
MEDAILLIER	Meuble
MEDAILLON	
MENAGERE	Objet décoratif > Art de la table
MERIDIENNE	Siège > Canapé > Méridienne
MEUBLE	Meuble
MEUBLE CAISSE	Meuble > Rangement > Casier
MEUBLE COMBINE	Meuble
MEUBLE D'APPUI	Meuble
MEUBLE DE RANGEMENT	Meuble > Rangement
MEUBLE DE STUDIO BAR	Meuble
MEUBLE DE TELEPHONE	Meuble > Rangement
MEUBLE DE TELEVISION	Meuble > Rangement
MEUBLE HIFI	Meuble > Rangement
MEUBLE MULTIMEDIA	Meuble > Rangement
MEUBLE STEREO	Meuble
MEUBLE VAISSELIER	Meuble > Rangement
MEUBLE VIDEO	Meuble > Rangement
MIROIR	Meuble > Miroir > Miroir
MOBILE	
MOBILE RADIOPHONIQUE	
MOBILIER	Meuble
MODELE	
MODELE ALENTOUR TAPISSERIE	Beaux arts > Modèle pour tissage > Modèle pour tapisserie
MODELE BANDE FAUTEUIL	Beaux arts > Modèle pour tissage > Modèle pour garniture de siège
MODELE CARRE DE CANAPE	Beaux arts > Modèle pour tissage > Modèle pour garniture de siège
MODELE DE CHAISE	Beaux arts > Modèle pour tissage > Modèle pour garniture de siège
MODELE DE DENTELLE	Beaux arts > Modèle pour tissage
MODELE DE FAUTEUIL	Beaux arts > Modèle pour tissage > Modèle pour garniture de siège
MODELE DE GARNITURE DE MOBILIER	Beaux arts > Modèle pour tissage > Modèle pour garniture de meuble
MODELE DE LANTERNE	
MODELE DE LUSTRE	
MODELE DE PROJECTEUR	
MODELE DE TAPISSERIE	Beaux arts > Modèle pour tissage > Modèle pour tapisserie
MODELE DESSUS CHEMINEE	
MODELE DEVANT DE FOYER	
MODELE DOSSIER DE CANAPE	Beaux arts > Modèle pour tissage > Modèle pour garniture de siège
MODELE DOSSIER DE CHAISE	Beaux arts > Modèle pour tissage > Modèle pour garniture de siège
MODELE DOSSIER DE FAUTEUIL	Beaux arts > Modèle pour tissage > Modèle pour garniture de siège
MODELE FOND DE BANQUETTE	Beaux arts > Modèle pour tissage > Modèle pour garniture de siège
MODELE FOND DE CANAPE	Beaux arts > Modèle pour tissage > Modèle pour garniture de siège
MODELE FOND DE CAUSEUSE	Beaux arts > Modèle pour tissage > Modèle pour garniture de siège
MODELE FOND DE CHEMINEE	
MODELE FOND DE FAUTEUIL	Beaux arts > Modèle pour tissage > Modèle pour garniture de siège
MODELE FOND DOSSIER LIT	Beaux arts > Modèle pour tissage > Modèle pour garniture de meuble
MODELE GARNITURE LIT	Beaux arts > Modèle pour tissage > Modèle pour garniture de meuble
MODELE GRAND EPISTOLIER	
MODELE JOUE DE CAUSEUSE	Beaux arts > Modèle pour tissage > Modèle pour garniture de siège
MODELE LAMBREQUIN FENETRE	Beaux arts > Modèle pour tissage > Modèle pour tapisserie
MODELE LAMBREQUIN PORTIER	Beaux arts > Modèle pour tissage
MODELE MANCHETTE CANAPE	Beaux arts > Modèle pour tissage > Modèle pour garniture de siège
MODELE MANCHETTE CAUSEUSE	Beaux arts > Modèle pour tissage > Modèle pour garniture de siège
MODELE MANCHETTE FAUTEUIL	Beaux arts > Modèle pour tissage > Modèle pour garniture de siège
MODELE PANNEAU TAPISSERIE	Beaux arts > Modèle pour tissage > Modèle pour tapisserie
MODELE PLATE BANDE	Beaux arts > Modèle pour tissage
MODELE PLATE BANDE CANAPE	Beaux arts > Modèle pour tissage > Modèle pour garniture de siège
MODELE PLATE BANDE CAUSEUSE	Beaux arts > Modèle pour tissage > Modèle pour garniture de siège
MODELE PLATE BANDE FAUTEUIL	Beaux arts > Modèle pour tissage > Modèle pour garniture de siège
MODELE POUR BALDAQUIN DE LIT	Beaux arts > Modèle pour tissage > Modèle pour garniture de meuble
MODELE POUR BANDEAU	Beaux arts > Modèle pour tissage
MODELE POUR BANQUETTE	Beaux arts > Modèle pour tissage > Modèle pour garniture de siège
MODELE POUR BORD FAUTEUIL	Beaux arts > Modèle pour tissage > Modèle pour garniture de siège
MODELE POUR CANAPE	Beaux arts > Modèle pour tissage > Modèle pour garniture de siège
MODELE POUR CANTONNIERE	Beaux arts > Modèle pour tissage
MODELE POUR CHAISE	Beaux arts > Modèle pour tissage > Modèle pour garniture de siège
MODELE POUR CORPORAL	Beaux arts > Modèle pour tissage
MODELE POUR DERRIERE DE CHASUBLE	Beaux arts > Modèle pour tissage
MODELE POUR DESSUS DE PORTE	Beaux arts > Modèle pour tissage > Modèle pour tapisserie
MODELE POUR DEVANT DE CHASUBLE	Beaux arts > Modèle pour tissage
MODELE POUR DOSSIER	Beaux arts > Modèle pour tissage > Modèle pour garniture de siège
MODELE POUR DOSSIER DE CAUSEUSE	Beaux arts > Modèle pour tissage > Modèle pour garniture de siège
MODELE POUR ECUSSON	Beaux arts > Modèle pour tissage
MODELE POUR ENCADREMENT	Beaux arts > Modèle pour tissage
MODELE POUR ENCADREMENT DE FENETRE	Beaux arts > Modèle pour tissage
MODELE POUR ENTREFENETRE	Beaux arts > Modèle pour tissage
MODELE POUR ETOLE	Beaux arts > Modèle pour tissage
MODELE POUR FAUTEUIL	Beaux arts > Modèle pour tissage > Modèle pour garniture de siège
MODELE POUR FEUILLE D'ECRAN	Beaux arts > Modèle pour tissage > Modèle pour garniture de meuble
MODELE POUR FEUILLE DE PARAVENT	Beaux arts > Modèle pour tissage > Modèle pour garniture de meuble
MODELE POUR FOND DE CHAISE	Beaux arts > Modèle pour tissage > Modèle pour garniture de siège
MODELE POUR FOND DE PLIANT	Beaux arts > Modèle pour tissage > Modèle pour garniture de siège
MODELE POUR FOND DE TABOURET	Beaux arts > Modèle pour tissage > Modèle pour garniture de siège
MODELE POUR FOND DE TABOURET DE PIEDS	Beaux arts > Modèle pour tissage > Modèle pour garniture de siège
MODELE POUR FOND FAUTEUIL	Beaux arts > Modèle pour tissage > Modèle pour garniture de siège
MODELE POUR JOUE DE CANAPE	Beaux arts > Modèle pour tissage > Modèle pour garniture de siège
MODELE POUR LAMBREQUIN	Beaux arts > Modèle pour tissage
MODELE POUR MANCHETTE DE FAUTEUIL	Beaux arts > Modèle pour tissage > Modèle pour garniture de siège
MODELE POUR MANIPULE	Beaux arts > Modèle pour tissage
MODELE POUR PANNEAU	Beaux arts > Modèle pour tissage > Modèle pour tapisserie
MODELE POUR PENTE	Beaux arts > Modèle pour tissage
MODELE POUR PILASTRE	
MODELE POUR PLATE BANDE	Beaux arts > Modèle pour tissage
MODELE POUR PLATE-BANDE DE FAUTEUIL	Beaux arts > Modèle pour tissage > Modèle pour garniture de siège
MODELE POUR PORTIERE	Beaux arts > Modèle pour tissage > Modèle pour tapisserie
MODELE POUR SIEGE	Beaux arts > Modèle pour tissage > Modèle pour garniture de siège
MODELE POUR TAPIS	Beaux arts > Modèle pour tissage > Modèle pour tapis
MODELE POUR TAPISSERIE	Beaux arts > Modèle pour tissage > Modèle pour tapisserie
MODELE POUR TAPISSERIE DE SIEGE	Beaux arts > Modèle pour tissage > Modèle pour garniture de siège
MODELE POUR TAPISSERIE ECRAN	Beaux arts > Modèle pour tissage > Modèle pour garniture de meuble
MODELE POUR TENTURE	Beaux arts > Modèle pour tissage > Modèle pour tapisserie
MODELE POUR VOILE	Beaux arts > Modèle pour tissage
MODULE	
MONTURE	
NAPPE	Textile
NAVETTE	
NECESSAIRE A BRODER	
NICHE D'ICONE	
OBJET D'ART AFRICAIN	Beaux arts
OBJET EN TAPISSERIE	Textile > Tapisserie
ORFEVRERIE	
OSTENSOIR	
PANIER	
PANNEAU	
PANNEAU DE COSY	
PANNEAU DE LAQUE	
PANNEAU DE TAPISSERIE	Textile > Tapisserie
PANNEAU DE VELOURS	
PANNEAU DECORATIF	Objet décoratif
PANNEAU MURAL	
PARAPLUIE	Textile > Vêtement et accessoire > Accessoire
PARASOL	Textile > Vêtement et accessoire
PARAVENT	Meuble > Paravent et écran > Paravent
PARE-FEU	
PASSEMENTERIE	Textile
PASTEL	Beaux arts > Art graphique > Dessin
PATENE	
PATERE	Beaux arts
PAYSAGE	Beaux arts
PAYSAGE FRAGMENT	
PEINTURE	Beaux arts > Tableau
PELLE	
PENDELOQUES DE CEREMONIE	
PENDULE	Objet décoratif > Horlogerie > Pendule
PHOTOGRAPHIE	Beaux arts > Art graphique > Photographie
PHOTOPHORE	Luminaire
PICHET	Objet décoratif > Art de la table
PIED DE COUPE	
PIED DE JARDINIERE	
PIED DE LAMPE	Luminaire > Lampe
PIED DE VASE	
PIETEMENT DE CHAUFFEUSE	
PINCE	
PINCETTE	
PIPE	
PLAFONNIER	Luminaire > Lustre et plafonnier > Plafonnier
PLAN	Beaux arts > Art graphique > Carte et plan
PLAQUE	
PLAT	Objet décoratif > Art de la table > Plat
PLATEAU	Objet décoratif > Art de la table
PLATEAU DE LA TABLE A JEUX	Meuble > Table > Table à jeux
PLATEAU DE TABLE OVALE	Meuble > Table
PLIANT	Siège
PLUMIER	
PODIUM	
POIGNARD	
POIGNEE	
PORTE	
PORTE LAMPE	
PORTE PAPIER	
PORTE POTICHE	
PORTE REVUES	
PORTE USTENSILES	
PORTE-CHAPEAU	Meuble > Rangement > Vestiaire
PORTE-EMBRASSES	
PORTE-ETEIGNOIR	
PORTE-FICHES	
PORTE-FUSILS	
PORTE-HABIT	Meuble > Rangement > Vestiaire
PORTE-INSTRUMENTS	
PORTE-JOUET	
PORTE-PAPIERS	
PORTE-PARAPLUIE	
PORTE-PELLE ET PINCETTE	
PORTE-PIPES	
PORTE-PLANS	
PORTE-POTICHE	
PORTE-QUEUES DE BILLARD	
PORTE-SERVIETTES	Meuble > Rangement > Vestiaire
PORTE-VALISE	Meuble > Rangement > Vestiaire
PORTEFEUILLE	Textile > Vêtement et accessoire > Accessoire
PORTEMANTEAU	Meuble > Rangement > Vestiaire
PORTIERE	
POSTE RECEPTEUR	
POT	
POT A CREME	Objet décoratif > Art de la table
POT A EAU	Siège > Banquette et tabouret > Pouf
POT A LAIT	Objet décoratif > Art de la table
POTENCE A ACCROCHAGE	
POUDRIER	
POUF	Siège > Banquette et tabouret > Pouf
PRESENTOIR	Meuble > Rangement
PROJET	
PROJET DE TAPIS	Beaux arts > Modèle pour tissage > Modèle pour tapis
PROJET DE TAPISSERIE	Beaux arts > Modèle pour tissage > Modèle pour tapisserie
PROJET DECORATION AMBASSA	
PROJET FOND DOSSIER CANAPE	Beaux arts > Modèle pour tissage > Modèle pour garniture de siège
PROJET FOND DOSSIER DE CHAISE	Beaux arts > Modèle pour tissage > Modèle pour garniture de siège
PROJET PANNEAU DECORATIF	Beaux arts > Modèle pour tissage
PROJET POUR FEUILLE ECRAN	Beaux arts > Modèle pour tissage > Modèle pour garniture de meuble
PROJET POUR LE MEUBLE	
PROJET POUR TAPISSERIE	Beaux arts > Modèle pour tissage > Modèle pour tapisserie
PSYCHE	Meuble > Miroir > Psyché
PUPITRE	Meuble > Bureau > Pupitre
PYROGRAVURE	Beaux arts > Art graphique
RADIATEUR ELECTRIQUE	
RAFRAICHISSOIR	Objet décoratif > Art de la table > Plat
RAVIER	Objet décoratif > Art de la table > Plat
RECHAUSSE A RIDEAUX	
RECONSTITUTION TAPISSERIE	
RECUEIL	
REGULATEUR	
REPOUSSE	
RIDEAU	Textile
ROCKING-CHAIR	Siège > Fauteuil
ROUE DE LOTERIE	
SALADIER	Objet décoratif > Art de la table > Plat
SAMOVAR	Objet décoratif > Art de la table > Service à thé et à café
SAUCIERE	Objet décoratif > Art de la table > Plat
SCRIBAN	Meuble > Bureau > Bureau
SCULPTURE	Beaux arts > Sculpture > Sculpture
SEAU	
SEAU A RAFRAICHIR	Objet décoratif > Art de la table > Plat
SECHOIR	
SECRETAIRE	Meuble > Bureau > Secrétaire
SELLERIE	
SELLETTE	
SEMAINIER	Meuble > Rangement > Semainier
SERIE DE MESURES	
SERIGRAPHIE	Beaux arts > Art graphique > Imprimé
SERRE-PAPIER	
SERVANTE	
SERVICE A THE	Objet décoratif > Art de la table > Service à thé et à café
SERVICE A THE ET A CAFE	Objet décoratif > Art de la table > Service à thé et à café
SERVICE DE CUISINE	Objet décoratif > Art de la table
SERVICE DE TABLE	Objet décoratif > Art de la table > Service de table
SERVIETTE	Textile
SERVITEUR	
SIEGE	Siège
SOCLE	
SOCLE D'ECRITOIRE	
SOCLE DE CHENETS	
SOCLE DE LIT	Meuble > Lit
SOCLE DE PARASOL	
SOCLE DE PENDULE	Objet décoratif > Horlogerie > Pendule
SOCLE DE SCULPTURE	
SOFA	Siège > Canapé
SOIERIE	Textile > Tissu précieux
SOMNO	Meuble > Table > Table de chevet
SONNETTE	
SOUCOUPE	Objet décoratif > Art de la table
SOUFFLET	
SOUPIERE	Objet décoratif > Art de la table > Plat
SOUS MAIN	
SOUS VERRE	Objet décoratif > Art de la table
SPOT	Luminaire
STATUE	Beaux arts > Sculpture > Statue
STATUETTE	Beaux arts > Sculpture > Statuette
STELE	
STORES A LAMELLE	
STRUCTURE	
SUCRIER	Objet décoratif > Art de la table
SUJET	
SUJET DECORATIF	
SUPPORT DE LAMPE	
SURTOUT DE TABLE	Objet décoratif > Art de la table
SUSPENSION	Luminaire > Lustre et plafonnier
SUSPENTS ECRAN	
TABATIERE	Meuble
TABERNACLE	
TABLE	Meuble > Table > Table
TABLE A BASCULE	Meuble > Table > Table
TABLE A ECRIRE	Meuble > Bureau > Table à écrire
TABLE A ETAGERE	Meuble > Table > Table
TABLE A JEUX	Meuble > Table > Table à jeux
TABLE A LA TRONCHIN	Meuble > Table
TABLE A OUVRAGE	Meuble > Table > Table
TABLE BASSE	Meuble > Table > Table basse
TABLE BOUILLOTTE	Meuble > Table > Table
TABLE CONSOLE	Meuble > Table > Console
TABLE D'APPOINT	Meuble > Table > Table d'appoint
TABLE D'ARCHITECTE	Meuble > Bureau > Bureau
TABLE D'ENCOIGNURE	Meuble > Table > Table
TABLE DACTYLO	Meuble > Bureau > Bureau
TABLE DE BRIDGE	Meuble > Table > Table à jeux
TABLE DE BUREAU	Meuble > Bureau > Bureau
TABLE DE CHEVET	Meuble > Table > Table de chevet
TABLE DE COMMISSION	Meuble > Table > Table
TABLE DE CONFERENCE	Meuble > Table > Table
TABLE DE COUPE	Meuble > Table > Table
TABLE DE CUISINE	Meuble > Table > Table
TABLE DE DECHARGE	Meuble > Table > Table d'appoint
TABLE DE JARDIN	Meuble > Table > Table
TABLE DE MILIEU	Meuble > Table > Table
TABLE DE NUIT	Meuble > Table > Table de chevet
TABLE DE PRESENTATION	Meuble > Table
TABLE DE REUNION	Meuble > Table > Table
TABLE DE SALLE A MANGER	Meuble > Table > Table de salon
TABLE DE SALON	Meuble > Table > Table de salon
TABLE DE TELEPHONE	Meuble > Table > Table
TABLE DE TOILETTE	Meuble > Table
TABLE DE TRAVAIL	Meuble > Bureau > Bureau
TABLE ECRITOIRE	Meuble > Bureau > Bureau
TABLE GIGOGNE	Meuble > Table > Table gigogne
TABLE PLIANTE	Meuble > Table > Table
TABLE PORTEFEUILLE	Meuble > Table > Table
TABLE RONDE	Meuble > Table > Table
TABLE ROULANTE	Meuble > Rangement > Desserte
TABLE SERVANTE	Meuble > Rangement > Desserte
TABLE TRANSFORMABLE	Meuble > Table > Table
TABLEAU	Beaux arts > Tableau
TABLEAU MURAL D'AFFICHAGE	
TABLEAU SOUS-VERRE ( CONTENANT DES MEDAILLES )	
TABLEAU VITRAIL	
TABOURET	Siège > Banquette et tabouret > Tabouret
TABOURET DE PIEDS	Siège > Banquette et tabouret > Tabouret
TAPIS	Textile > Tapis
TAPIS D'ORIENT	Textile > Tapis > Tapis d’orient
TAPIS DE TABLE	Textile
TAPIS MECANIQUE	Textile > Tapis
TAPIS MOQUETTE	Textile > Tapis > Tapis moquette
TAPIS RAS	Textile > Tapis > Tapis ras
TAPIS TUFTE	Textile > Tapis > Tapis tufté
TAPIS VELOURS	Textile > Tapis > Tapis velours
TAPISSERIE A L'AIGUILLE	Textile > Tapisserie > Tapisserie
TAPISSERIE DE LICE	Textile > Tapisserie > Tapisserie
TAPISSERIE MECANIQUE	Textile > Tapisserie > Tapisserie
TAPISSERIE MOQUETTE D'ABBEVILLE	Textile > Tapisserie > Tapisserie
TASSE	Objet décoratif > Art de la table > Service à thé et à café
TENTE	Textile
TENTURE	Textile > Tissu précieux
TETE DE LIT	Meuble > Lit
THEIERE	Objet décoratif > Art de la table > Service à thé et à café
TIMBALE	Objet décoratif > Art de la table > Service de table
TIRAGE PHOTOGRAPHIQUE	Beaux arts > Art graphique > Photographie
TISONNIER	
TISSU	Textile
TOILETTE	
TORCHERE	Luminaire > Chandelier > Torchère
TRIPTYQUE	
TRUMEAU	Meuble > Miroir
USTENSILES DE CUISINE	Objet décoratif > Art de la table
VALET DE NUIT	Meuble > Rangement > Vestiaire
VANTAIL	
VASE	Objet décoratif > Vase
VASQUE	Meuble
VEILLEUSE A JATTE	
VERRERIE	Objet décoratif > Art de la table
VERRINE	Objet décoratif > Art de la table
VESTIAIRE	Meuble > Rangement > Vestiaire
VETEMENT ET ORNEMENT	Textile > Vêtement et accessoire
VITRINE	Meuble > Rangement > Vitrine
VOILE NUPTIAL	Textile > Vêtement et accessoire > Accessoire
